{
    "HDFCBANK.NS": {
        "Day Range High": 1568.6500244140625,
        "Day Range Low": 1538.199951171875
    },
    "ICICIBANK.NS": {
        "Day Range High": 982.2000122070312,
        "Day Range Low": 957.5499877929688
    },
    "AXISBANK.NS": {
        "Day Range High": 1033.550048828125,
        "Day Range Low": 1012.4000244140625
    },
    "SBIN.NS": {
        "Day Range High": 606.5999755859375,
        "Day Range Low": 584.9500122070312
    },
    "BAJFINANCE.NS": {
        "Day Range High": 7583.5,
        "Day Range Low": 7425.2001953125
    },
    "BAJAJFINSV.NS": {
        "Day Range High": 1552.050048828125,
        "Day Range Low": 1514.4000244140625
    },
    "HDFCAMC.NS": {
        "Day Range High": 2730.0,
        "Day Range Low": 2647.550048828125
    },
    "SHRIRAMFIN.NS": {
        "Day Range High": 1924.0,
        "Day Range Low": 1891.0
    },
    "ICICIGI.NS": {
        "Day Range High": 1378.949951171875,
        "Day Range Low": 1347.550048828125
    },
    "SBILIFE.NS": {
        "Day Range High": 1351.5,
        "Day Range Low": 1328.0999755859375
    },
    "MUTHOOTFIN.NS": {
        "Day Range High": 1302.0,
        "Day Range Low": 1275.449951171875
    },
    "CHOLAFIN.NS": {
        "Day Range High": 1208.800048828125,
        "Day Range Low": 1177.3499755859375
    },
    "HDFCLIFE.NS": {
        "Day Range High": 653.8499755859375,
        "Day Range Low": 641.5999755859375
    },
    "ICICIPRULI.NS": {
        "Day Range High": 588.4500122070312,
        "Day Range Low": 564.2999877929688
    },
    "M&MFIN.NS": {
        "Day Range High": 312.54998779296875,
        "Day Range Low": 299.8500061035156
    },
    "IBULHSGFIN.NS": {
        "Day Range High": 202.0,
        "Day Range Low": 186.5500030517578
    },
    "CANBK.NS": {
        "Day Range High": 376.20001220703125,
        "Day Range Low": 360.6499938964844
    },
    "FEDERALBNK.NS": {
        "Day Range High": 148.64999389648438,
        "Day Range Low": 145.5
    },
    "AUBANK.NS": {
        "Day Range High": 763.9500122070312,
        "Day Range Low": 739.2999877929688
    },
    "PNB.NS": {
        "Day Range High": 78.25,
        "Day Range Low": 74.5999984741211
    },
    "KOTAKBANK.NS": {
        "Day Range High": 1790.800048828125,
        "Day Range Low": 1753.1500244140625
    },
    "BANKBARODA.NS": {
        "Day Range High": 217.5,
        "Day Range Low": 206.4499969482422
    },
    "BANDHANBNK.NS": {
        "Day Range High": 253.0,
        "Day Range Low": 243.8000030517578
    },
    "INDUSINDBK.NS": {
        "Day Range High": 1443.300048828125,
        "Day Range Low": 1406.4000244140625
    },
    "RBLBANK.NS": {
        "Day Range High": 234.89999389648438,
        "Day Range Low": 225.60000610351562
    },
    "IOB.NS": {
        "Day Range High": 47.95000076293945,
        "Day Range Low": 41.70000076293945
    },
    "INDIANB.NS": {
        "Day Range High": 427.79998779296875,
        "Day Range Low": 402.1000061035156
    },
    "UCOBANK.NS": {
        "Day Range High": 46.25,
        "Day Range Low": 41.150001525878906
    },
    "PSB.NS": {
        "Day Range High": 49.599998474121094,
        "Day Range Low": 43.900001525878906
    },
    "CENTRALBK.NS": {
        "Day Range High": 50.79999923706055,
        "Day Range Low": 46.25
    },
    "MAHABANK.NS": {
        "Day Range High": 48.25,
        "Day Range Low": 44.349998474121094
    },
    "BANKINDIA.NS": {
        "Day Range High": 110.4000015258789,
        "Day Range Low": 105.94999694824219
    },
    "UNIONBANK.NS": {
        "Day Range High": 101.30000305175781,
        "Day Range Low": 95.5999984741211
    },
    "J&KBANK.NS": {
        "Day Range High": 110.80000305175781,
        "Day Range Low": 106.5
    },
    "BAJAJ-AUTO.NS": {
        "Day Range High": 5183.9501953125,
        "Day Range Low": 5073.14990234375
    },
    "HEROMOTOCO.NS": {
        "Day Range High": 3062.949951171875,
        "Day Range Low": 2990.14990234375
    },
    "M&M.NS": {
        "Day Range High": 1655.25,
        "Day Range Low": 1575.199951171875
    },
    "BHARATFORG.NS": {
        "Day Range High": 1143.25,
        "Day Range Low": 1092.0
    },
    "MARUTI.NS": {
        "Day Range High": 10342.099609375,
        "Day Range Low": 10206.599609375
    },
    "TATAMOTORS.NS": {
        "Day Range High": 641.6500244140625,
        "Day Range Low": 624.25
    },
    "EICHERMOT.NS": {
        "Day Range High": 3440.0,
        "Day Range Low": 3404.0
    },
    "MOTHERSON.NS": {
        "Day Range High": 98.5999984741211,
        "Day Range Low": 95.80000305175781
    },
    "MRF.NS": {
        "Day Range High": 109775.0,
        "Day Range Low": 108500.0
    },
    "EXIDEIND.NS": {
        "Day Range High": 263.20001220703125,
        "Day Range Low": 257.1499938964844
    },
    "BALKRISIND.NS": {
        "Day Range High": 2544.0,
        "Day Range Low": 2517.800048828125
    },
    "AMARAJABAT.NS": {
        "Day Range High": 645.9500122070312,
        "Day Range Low": 634.6500244140625
    },
    "TVSMOTOR.NS": {
        "Day Range High": 1508.699951171875,
        "Day Range Low": 1492.1500244140625
    },
    "BOSCHLTD.NS": {
        "Day Range High": 19390.0,
        "Day Range Low": 19080.0
    },
    "ASHOKLEY.NS": {
        "Day Range High": 182.9499969482422,
        "Day Range Low": 178.25
    },
    "ESCORTS.NS": {
        "Day Range High": 3148.0,
        "Day Range Low": 3095.60009765625
    },
    "DABUR.NS": {
        "Day Range High": 561.0999755859375,
        "Day Range Low": 553.5499877929688
    },
    "HINDUNILVR.NS": {
        "Day Range High": 2483.0,
        "Day Range Low": 2444.0
    },
    "MCDOWELL-N.NS": {
        "Day Range High": 1037.949951171875,
        "Day Range Low": 1008.2999877929688
    },
    "ITC.NS": {
        "Day Range High": 453.5,
        "Day Range Low": 444.5
    },
    "BRITANNIA.NS": {
        "Day Range High": 4565.7001953125,
        "Day Range Low": 4478.0
    },
    "TATACONSUM.NS": {
        "Day Range High": 874.0,
        "Day Range Low": 861.2000122070312
    },
    "NESTLEIND.NS": {
        "Day Range High": 22651.25,
        "Day Range Low": 22350.0
    },
    "GODREJCP.NS": {
        "Day Range High": 990.4500122070312,
        "Day Range Low": 979.4500122070312
    },
    "COLPAL.NS": {
        "Day Range High": 2018.949951171875,
        "Day Range Low": 1985.300048828125
    },
    "UBL.NS": {
        "Day Range High": 1595.0,
        "Day Range Low": 1567.0
    },
    "MARICO.NS": {
        "Day Range High": 575.7000122070312,
        "Day Range Low": 568.6500244140625
    },
    "JUBLFOOD.NS": {
        "Day Range High": 536.3499755859375,
        "Day Range Low": 528.0
    },
    "TECHM.NS": {
        "Day Range High": 1296.0,
        "Day Range Low": 1266.1500244140625
    },
    "INFY.NS": {
        "Day Range High": 1504.3499755859375,
        "Day Range Low": 1476.0
    },
    "HCLTECH.NS": {
        "Day Range High": 1282.3499755859375,
        "Day Range Low": 1259.4000244140625
    },
    "LTTS.NS": {
        "Day Range High": 4674.60009765625,
        "Day Range Low": 4595.0
    },
    "TCS.NS": {
        "Day Range High": 3605.0,
        "Day Range Low": 3528.25
    },
    "BSOFT.NS": {
        "Day Range High": 495.5,
        "Day Range Low": 479.0
    },
    "LTIM.NS": {
        "Day Range High": 5460.0,
        "Day Range Low": 5355.35009765625
    },
    "WIPRO.NS": {
        "Day Range High": 431.25,
        "Day Range Low": 423.1000061035156
    },
    "PERSISTENT.NS": {
        "Day Range High": 5844.9501953125,
        "Day Range Low": 5720.0
    },
    "OFSS.NS": {
        "Day Range High": 4284.14990234375,
        "Day Range Low": 4195.25
    },
    "NAUKRI.NS": {
        "Day Range High": 4484.7998046875,
        "Day Range Low": 4399.25
    },
    "MPHASIS.NS": {
        "Day Range High": 2495.0,
        "Day Range Low": 2456.39990234375
    },