{
    "HDFCBANK.NS": {
        "Day Range High": 1564.0,
        "Day Range Low": 1524.1500244140625
    },
    "ICICIBANK.NS": {
        "Day Range High": 960.9000244140625,
        "Day Range Low": 947.4000244140625
    },
    "AXISBANK.NS": {
        "Day Range High": 1027.25,
        "Day Range Low": 1008.75
    },
    "SBIN.NS": {
        "Day Range High": 602.0,
        "Day Range Low": 592.0999755859375
    },
    "BAJFINANCE.NS": {
        "Day Range High": 7574.7001953125,
        "Day Range Low": 7457.5498046875
    },
    "BAJAJFINSV.NS": {
        "Day Range High": 1550.0,
        "Day Range Low": 1527.5999755859375
    },
    "HDFCAMC.NS": {
        "Day Range High": 2736.300048828125,
        "Day Range Low": 2651.050048828125
    },
    "SHRIRAMFIN.NS": {
        "Day Range High": 1929.1500244140625,
        "Day Range Low": 1881.0
    },
    "ICICIGI.NS": {
        "Day Range High": 1355.0,
        "Day Range Low": 1323.8499755859375
    },
    "SBILIFE.NS": {
        "Day Range High": 1335.0,
        "Day Range Low": 1316.0999755859375
    },
    "MUTHOOTFIN.NS": {
        "Day Range High": 1288.0,
        "Day Range Low": 1263.9000244140625
    },
    "CHOLAFIN.NS": {
        "Day Range High": 1217.25,
        "Day Range Low": 1183.0
    },
    "PEL.NS": {
        "Day Range High": 1064.4000244140625,
        "Day Range Low": 1040.0
    },
    "HDFCLIFE.NS": {
        "Day Range High": 656.0,
        "Day Range Low": 643.4000244140625
    },
    "ICICIPRULI.NS": {
        "Day Range High": 580.0,
        "Day Range Low": 564.5
    },
    "M&MFIN.NS": {
        "Day Range High": 309.45001220703125,
        "Day Range Low": 300.5
    },
    "IBULHSGFIN.NS": {
        "Day Range High": 190.5,
        "Day Range Low": 183.60000610351562
    },
    "CANBK.NS": {
        "Day Range High": 386.0,
        "Day Range Low": 369.3500061035156
    },
    "FEDERALBNK.NS": {
        "Day Range High": 147.39999389648438,
        "Day Range Low": 145.10000610351562
    },
    "AUBANK.NS": {
        "Day Range High": 751.5999755859375,
        "Day Range Low": 742.1500244140625
    },
    "PNB.NS": {
        "Day Range High": 77.75,
        "Day Range Low": 75.0999984741211
    },
    "KOTAKBANK.NS": {
        "Day Range High": 1769.9000244140625,
        "Day Range Low": 1752.199951171875
    },
    "BANKBARODA.NS": {
        "Day Range High": 218.0,
        "Day Range Low": 209.14999389648438
    },
    "BANDHANBNK.NS": {
        "Day Range High": 251.85000610351562,
        "Day Range Low": 247.0500030517578
    },
    "INDUSINDBK.NS": {
        "Day Range High": 1463.5,
        "Day Range Low": 1413.0
    },
    "RBLBANK.NS": {
        "Day Range High": 236.14999389648438,
        "Day Range Low": 227.0
    },
    "IOB.NS": {
        "Day Range High": 45.95000076293945,
        "Day Range Low": 42.25
    },
    "INDIANB.NS": {
        "Day Range High": 434.1000061035156,
        "Day Range Low": 408.70001220703125
    },
    "UCOBANK.NS": {
        "Day Range High": 44.0,
        "Day Range Low": 41.650001525878906
    },
    "PSB.NS": {
        "Day Range High": 47.099998474121094,
        "Day Range Low": 44.400001525878906
    },
    "CENTRALBK.NS": {
        "Day Range High": 51.70000076293945,
        "Day Range Low": 47.349998474121094
    },
    "MAHABANK.NS": {
        "Day Range High": 47.25,
        "Day Range Low": 45.099998474121094
    },
    "BANKINDIA.NS": {
        "Day Range High": 111.5999984741211,
        "Day Range Low": 107.5
    },
    "UNIONBANK.NS": {
        "Day Range High": 102.8499984741211,
        "Day Range Low": 98.5999984741211
    },
    "J&KBANK.NS": {
        "Day Range High": 109.8499984741211,
        "Day Range Low": 106.69999694824219
    },
    "BAJAJ-AUTO.NS": {
        "Day Range High": 5083.0,
        "Day Range Low": 4997.0498046875
    },
    "HEROMOTOCO.NS": {
        "Day Range High": 3040.0,
        "Day Range Low": 2990.75
    },
    "M&M.NS": {
        "Day Range High": 1617.800048828125,
        "Day Range Low": 1566.4000244140625
    },
    "BHARATFORG.NS": {
        "Day Range High": 1113.6500244140625,
        "Day Range Low": 1087.5999755859375
    },
    "MARUTI.NS": {
        "Day Range High": 10566.650390625,
        "Day Range Low": 10308.599609375
    },
    "TATAMOTORS.NS": {
        "Day Range High": 630.75,
        "Day Range Low": 619.0999755859375
    },
    "EICHERMOT.NS": {
        "Day Range High": 3431.75,
        "Day Range Low": 3392.0
    },
    "MOTHERSON.NS": {
        "Day Range High": 96.75,
        "Day Range Low": 95.30000305175781
    },
    "MRF.NS": {
        "Day Range High": 109350.0,
        "Day Range Low": 108477.046875
    },
    "EXIDEIND.NS": {
        "Day Range High": 259.75,
        "Day Range Low": 253.9499969482422
    },
    "BALKRISIND.NS": {
        "Day Range High": 2558.89990234375,
        "Day Range Low": 2502.89990234375
    },
    "AMARAJABAT.NS": {
        "Day Range High": 643.75,
        "Day Range Low": 633.0
    },
    "TVSMOTOR.NS": {
        "Day Range High": 1498.0,
        "Day Range Low": 1483.0999755859375
    },
    "BOSCHLTD.NS": {
        "Day Range High": 19271.94921875,
        "Day Range Low": 18995.05078125
    },
    "ASHOKLEY.NS": {
        "Day Range High": 180.4499969482422,
        "Day Range Low": 178.0500030517578
    },
    "ESCORTS.NS": {
        "Day Range High": 3153.699951171875,
        "Day Range Low": 3068.64990234375
    },
    "DABUR.NS": {
        "Day Range High": 564.9000244140625,
        "Day Range Low": 557.5499877929688
    },
    "HINDUNILVR.NS": {
        "Day Range High": 2490.0,
        "Day Range Low": 2458.10009765625
    },
    "MCDOWELL-N.NS": {
        "Day Range High": 1026.75,
        "Day Range Low": 1002.3499755859375
    },
    "ITC.NS": {
        "Day Range High": 448.3500061035156,
        "Day Range Low": 442.25
    },
    "BRITANNIA.NS": {
        "Day Range High": 4572.0,
        "Day Range Low": 4510.0
    },
    "TATACONSUM.NS": {
        "Day Range High": 889.7999877929688,
        "Day Range Low": 870.2000122070312
    },
    "NESTLEIND.NS": {
        "Day Range High": 22639.94921875,
        "Day Range Low": 22380.05078125
    },
    "GODREJCP.NS": {
        "Day Range High": 991.5,
        "Day Range Low": 978.25
    },
    "COLPAL.NS": {
        "Day Range High": 2014.75,
        "Day Range Low": 1980.050048828125
    },
    "UBL.NS": {
        "Day Range High": 1586.4000244140625,
        "Day Range Low": 1557.4000244140625
    },
    "MARICO.NS": {
        "Day Range High": 575.4000244140625,
        "Day Range Low": 571.5999755859375
    },
    "JUBLFOOD.NS": {
        "Day Range High": 535.9000244140625,
        "Day Range Low": 525.2999877929688
    },
    "TECHM.NS": {
        "Day Range High": 1320.0,
        "Day Range Low": 1284.050048828125
    },
    "INFY.NS": {
        "Day Range High": 1506.949951171875,
        "Day Range Low": 1487.0999755859375
    },
    "HCLTECH.NS": {
        "Day Range High": 1283.5,
        "Day Range Low": 1265.0999755859375
    },
    "LTTS.NS": {
        "Day Range High": 4685.75,
        "Day Range Low": 4621.0
    },
    "TCS.NS": {
        "Day Range High": 3633.0,
        "Day Range Low": 3565.199951171875
    },
    "BSOFT.NS": {
        "Day Range High": 491.8500061035156,
        "Day Range Low": 480.45001220703125
    },
    "LTIM.NS": {
        "Day Range High": 5451.85009765625,
        "Day Range Low": 5350.2998046875
    },
    "WIPRO.NS": {
        "Day Range High": 426.6499938964844,
        "Day Range Low": 416.6499938964844
    },
    "PERSISTENT.NS": {
        "Day Range High": 5859.75,
        "Day Range Low": 5706.9501953125
    },
    "OFSS.NS": {
        "Day Range High": 4280.89990234375,
        "Day Range Low": 4187.25
    },
    "NAUKRI.NS": {
        "Day Range High": 4454.9501953125,
        "Day Range Low": 4275.0
    },
    "MPHASIS.NS": {
        "Day Range High": 2494.199951171875,