{
    "HDFCBANK.NS": {
        "Day Range High": 1540.699951171875,
        "Day Range Low": 1526.050048828125
    },
    "ICICIBANK.NS": {
        "Day Range High": 961.2000122070312,
        "Day Range Low": 941.5499877929688
    },
    "AXISBANK.NS": {
        "Day Range High": 1026.0,
        "Day Range Low": 1005.1500244140625
    },
    "SBIN.NS": {
        "Day Range High": 601.0,
        "Day Range Low": 590.4500122070312
    },
    "BAJFINANCE.NS": {
        "Day Range High": 7849.0,
        "Day Range Low": 7528.64990234375
    },
    "BAJAJFINSV.NS": {
        "Day Range High": 1590.8499755859375,
        "Day Range Low": 1550.8499755859375
    },
    "HDFCAMC.NS": {
        "Day Range High": 2697.0,
        "Day Range Low": 2649.35009765625
    },
    "SHRIRAMFIN.NS": {
        "Day Range High": 1959.0,
        "Day Range Low": 1861.0
    },
    "ICICIGI.NS": {
        "Day Range High": 1350.4000244140625,
        "Day Range Low": 1308.949951171875
    },
    "SBILIFE.NS": {
        "Day Range High": 1324.300048828125,
        "Day Range Low": 1289.0999755859375
    },
    "MUTHOOTFIN.NS": {
        "Day Range High": 1272.5999755859375,
        "Day Range Low": 1254.8499755859375
    },
    "CHOLAFIN.NS": {
        "Day Range High": 1196.75,
        "Day Range Low": 1176.8499755859375
    },
    "PEL.NS": {
        "Day Range High": 1065.5,
        "Day Range Low": 1036.25
    },
    "HDFCLIFE.NS": {
        "Day Range High": 652.2999877929688,
        "Day Range Low": 640.2000122070312
    },
    "ICICIPRULI.NS": {
        "Day Range High": 579.3499755859375,
        "Day Range Low": 569.0499877929688
    },
    "M&MFIN.NS": {
        "Day Range High": 306.29998779296875,
        "Day Range Low": 298.20001220703125
    },
    "IBULHSGFIN.NS": {
        "Day Range High": 192.4499969482422,
        "Day Range Low": 184.3000030517578
    },
    "CANBK.NS": {
        "Day Range High": 383.70001220703125,
        "Day Range Low": 373.8500061035156
    },
    "FEDERALBNK.NS": {
        "Day Range High": 147.75,
        "Day Range Low": 144.1999969482422
    },
    "AUBANK.NS": {
        "Day Range High": 745.5,
        "Day Range Low": 734.4000244140625
    },
    "PNB.NS": {
        "Day Range High": 80.55000305175781,
        "Day Range Low": 76.5999984741211
    },
    "KOTAKBANK.NS": {
        "Day Range High": 1789.300048828125,
        "Day Range Low": 1757.5
    },
    "BANKBARODA.NS": {
        "Day Range High": 219.39999389648438,
        "Day Range Low": 214.10000610351562
    },
    "BANDHANBNK.NS": {
        "Day Range High": 253.64999389648438,
        "Day Range Low": 246.89999389648438
    },
    "INDUSINDBK.NS": {
        "Day Range High": 1454.3499755859375,
        "Day Range Low": 1434.0999755859375
    },
    "RBLBANK.NS": {
        "Day Range High": 243.75,
        "Day Range Low": 229.5
    },
    "IOB.NS": {
        "Day Range High": 44.95000076293945,
        "Day Range Low": 42.70000076293945
    },
    "INDIANB.NS": {
        "Day Range High": 434.45001220703125,
        "Day Range Low": 418.29998779296875
    },
    "UCOBANK.NS": {
        "Day Range High": 43.79999923706055,
        "Day Range Low": 41.79999923706055
    },
    "PSB.NS": {
        "Day Range High": 46.75,
        "Day Range Low": 45.099998474121094
    },
    "CENTRALBK.NS": {
        "Day Range High": 51.29999923706055,
        "Day Range Low": 49.25
    },
    "MAHABANK.NS": {
        "Day Range High": 47.400001525878906,
        "Day Range Low": 45.599998474121094
    },
    "BANKINDIA.NS": {
        "Day Range High": 110.5,
        "Day Range Low": 106.0999984741211
    },
    "UNIONBANK.NS": {
        "Day Range High": 104.25,
        "Day Range Low": 99.9000015258789
    },
    "J&KBANK.NS": {
        "Day Range High": 110.55000305175781,
        "Day Range Low": 107.19999694824219
    },
    "BAJAJ-AUTO.NS": {
        "Day Range High": 5060.10009765625,
        "Day Range Low": 4992.85009765625
    },
    "HEROMOTOCO.NS": {
        "Day Range High": 3015.949951171875,
        "Day Range Low": 2970.0
    },
    "M&M.NS": {
        "Day Range High": 1619.199951171875,
        "Day Range Low": 1584.300048828125
    },
    "BHARATFORG.NS": {
        "Day Range High": 1110.0,
        "Day Range Low": 1076.75
    },
    "MARUTI.NS": {
        "Day Range High": 10720.0,
        "Day Range Low": 10535.150390625
    },
    "TATAMOTORS.NS": {
        "Day Range High": 625.2000122070312,
        "Day Range Low": 617.9000244140625
    },
    "EICHERMOT.NS": {
        "Day Range High": 3419.64990234375,
        "Day Range Low": 3381.050048828125
    },
    "MOTHERSON.NS": {
        "Day Range High": 97.4000015258789,
        "Day Range Low": 95.75
    },
    "MRF.NS": {
        "Day Range High": 109489.8984375,
        "Day Range Low": 107651.0
    },
    "EXIDEIND.NS": {
        "Day Range High": 259.29998779296875,
        "Day Range Low": 253.64999389648438
    },
    "BALKRISIND.NS": {
        "Day Range High": 2578.75,
        "Day Range Low": 2535.75
    },
    "AMARAJABAT.NS": {
        "Day Range High": 639.8499755859375,
        "Day Range Low": 633.0499877929688
    },
    "TVSMOTOR.NS": {
        "Day Range High": 1520.9000244140625,
        "Day Range Low": 1489.4000244140625
    },
    "BOSCHLTD.NS": {
        "Day Range High": 19195.25,
        "Day Range Low": 19001.19921875
    },
    "ASHOKLEY.NS": {
        "Day Range High": 183.1999969482422,
        "Day Range Low": 176.9499969482422
    },
    "ESCORTS.NS": {
        "Day Range High": 3256.949951171875,
        "Day Range Low": 3105.800048828125
    },
    "DABUR.NS": {
        "Day Range High": 563.0,
        "Day Range Low": 553.0
    },
    "HINDUNILVR.NS": {
        "Day Range High": 2487.85009765625,
        "Day Range Low": 2460.0
    },
    "MCDOWELL-N.NS": {
        "Day Range High": 1024.3499755859375,
        "Day Range Low": 1010.1500244140625
    },
    "ITC.NS": {
        "Day Range High": 443.8999938964844,
        "Day Range Low": 438.45001220703125
    },
    "BRITANNIA.NS": {
        "Day Range High": 4585.0,
        "Day Range Low": 4530.64990234375
    },
    "TATACONSUM.NS": {
        "Day Range High": 905.5,
        "Day Range Low": 871.0499877929688
    },
    "NESTLEIND.NS": {
        "Day Range High": 22708.69921875,
        "Day Range Low": 22451.0
    },
    "GODREJCP.NS": {
        "Day Range High": 991.0,
        "Day Range Low": 972.0999755859375
    },
    "COLPAL.NS": {
        "Day Range High": 2013.5,
        "Day Range Low": 2000.0
    },
    "UBL.NS": {
        "Day Range High": 1583.449951171875,
        "Day Range Low": 1551.6500244140625
    },
    "MARICO.NS": {
        "Day Range High": 580.0,
        "Day Range Low": 572.6500244140625
    },
    "JUBLFOOD.NS": {
        "Day Range High": 543.4500122070312,
        "Day Range Low": 530.0499877929688
    },
    "TECHM.NS": {
        "Day Range High": 1314.4000244140625,
        "Day Range Low": 1296.050048828125
    },
    "INFY.NS": {
        "Day Range High": 1489.800048828125,
        "Day Range Low": 1471.6500244140625
    },
    "HCLTECH.NS": {
        "Day Range High": 1276.800048828125,
        "Day Range Low": 1256.800048828125
    },
    "LTTS.NS": {
        "Day Range High": 4753.0,
        "Day Range Low": 4656.0
    },
    "TCS.NS": {
        "Day Range High": 3609.0,
        "Day Range Low": 3558.64990234375
    },
    "BSOFT.NS": {
        "Day Range High": 496.3999938964844,
        "Day Range Low": 485.04998779296875
    },
    "LTIM.NS": {
        "Day Range High": 5451.25,
        "Day Range Low": 5360.0
    },
    "WIPRO.NS": {
        "Day Range High": 419.5,
        "Day Range Low": 412.0
    },
    "PERSISTENT.NS": {
        "Day Range High": 5957.60009765625,
        "Day Range Low": 5768.14990234375
    },
    "OFSS.NS": {
        "Day Range High": 4213.4501953125,
        "Day Range Low": 4117.9501953125
    },