{
    "HDFCBANK.NS": {
        "Day Range High": 1532.5,
        "Day Range Low": 1515.0
    },
    "ICICIBANK.NS": {
        "Day Range High": 946.2999877929688,
        "Day Range Low": 934.4000244140625
    },
    "AXISBANK.NS": {
        "Day Range High": 1027.8499755859375,
        "Day Range Low": 1004.0
    },
    "SBIN.NS": {
        "Day Range High": 594.2999877929688,
        "Day Range Low": 588.2000122070312
    },
    "BAJFINANCE.NS": {
        "Day Range High": 7853.75,
        "Day Range Low": 7742.75
    },
    "BAJAJFINSV.NS": {
        "Day Range High": 1570.0,
        "Day Range Low": 1554.199951171875
    },
    "HDFCAMC.NS": {
        "Day Range High": 2710.60009765625,
        "Day Range Low": 2655.0
    },
    "SHRIRAMFIN.NS": {
        "Day Range High": 1913.4000244140625,
        "Day Range Low": 1880.25
    },
    "ICICIGI.NS": {
        "Day Range High": 1311.9000244140625,
        "Day Range Low": 1295.449951171875
    },
    "SBILIFE.NS": {
        "Day Range High": 1304.0,
        "Day Range Low": 1278.300048828125
    },
    "MUTHOOTFIN.NS": {
        "Day Range High": 1264.949951171875,
        "Day Range Low": 1227.5999755859375
    },
    "CHOLAFIN.NS": {
        "Day Range High": 1205.4000244140625,
        "Day Range Low": 1189.0999755859375
    },
    "PEL.NS": {
        "Day Range High": 1052.4000244140625,
        "Day Range Low": 1037.0999755859375
    },
    "HDFCLIFE.NS": {
        "Day Range High": 649.5,
        "Day Range Low": 639.7999877929688
    },
    "ICICIPRULI.NS": {
        "Day Range High": 581.0,
        "Day Range Low": 573.1500244140625
    },
    "M&MFIN.NS": {
        "Day Range High": 300.75,
        "Day Range Low": 291.3999938964844
    },
    "IBULHSGFIN.NS": {
        "Day Range High": 189.6999969482422,
        "Day Range Low": 183.5
    },
    "CANBK.NS": {
        "Day Range High": 374.8999938964844,
        "Day Range Low": 365.6499938964844
    },
    "FEDERALBNK.NS": {
        "Day Range High": 151.4499969482422,
        "Day Range Low": 147.64999389648438
    },
    "AUBANK.NS": {
        "Day Range High": 754.5,
        "Day Range Low": 744.5
    },
    "PNB.NS": {
        "Day Range High": 81.8499984741211,
        "Day Range Low": 79.5
    },
    "KOTAKBANK.NS": {
        "Day Range High": 1771.050048828125,
        "Day Range Low": 1750.0
    },
    "BANKBARODA.NS": {
        "Day Range High": 216.25,
        "Day Range Low": 211.75
    },
    "BANDHANBNK.NS": {
        "Day Range High": 256.45001220703125,
        "Day Range Low": 248.8000030517578
    },
    "INDUSINDBK.NS": {
        "Day Range High": 1439.0,
        "Day Range Low": 1418.300048828125
    },
    "RBLBANK.NS": {
        "Day Range High": 246.5,
        "Day Range Low": 237.25
    },
    "IOB.NS": {
        "Day Range High": 45.5,
        "Day Range Low": 44.54999923706055
    },
    "INDIANB.NS": {
        "Day Range High": 446.3999938964844,
        "Day Range Low": 427.3999938964844
    },
    "UCOBANK.NS": {
        "Day Range High": 43.20000076293945,
        "Day Range Low": 41.70000076293945
    },
    "PSB.NS": {
        "Day Range High": 46.5,
        "Day Range Low": 45.0
    },
    "CENTRALBK.NS": {
        "Day Range High": 50.900001525878906,
        "Day Range Low": 49.29999923706055
    },
    "MAHABANK.NS": {
        "Day Range High": 47.599998474121094,
        "Day Range Low": 46.20000076293945
    },
    "BANKINDIA.NS": {
        "Day Range High": 109.44999694824219,
        "Day Range Low": 106.4000015258789
    },
    "UNIONBANK.NS": {
        "Day Range High": 103.4000015258789,
        "Day Range Low": 99.69999694824219
    },
    "J&KBANK.NS": {
        "Day Range High": 107.9000015258789,
        "Day Range Low": 105.30000305175781
    },
    "BAJAJ-AUTO.NS": {
        "Day Range High": 5067.2998046875,
        "Day Range Low": 5018.0
    },
    "HEROMOTOCO.NS": {
        "Day Range High": 3030.5,
        "Day Range Low": 3000.0
    },
    "M&M.NS": {
        "Day Range High": 1599.3499755859375,
        "Day Range Low": 1583.5999755859375
    },
    "BHARATFORG.NS": {
        "Day Range High": 1094.699951171875,
        "Day Range Low": 1080.25
    },
    "MARUTI.NS": {
        "Day Range High": 10705.0,
        "Day Range Low": 10525.0498046875
    },
    "TATAMOTORS.NS": {
        "Day Range High": 621.8499755859375,
        "Day Range Low": 616.7999877929688
    },
    "EICHERMOT.NS": {
        "Day Range High": 3496.25,
        "Day Range Low": 3427.300048828125
    },
    "MOTHERSON.NS": {
        "Day Range High": 97.44999694824219,
        "Day Range Low": 95.94999694824219
    },
    "MRF.NS": {
        "Day Range High": 110499.0,
        "Day Range Low": 109251.8984375
    },
    "EXIDEIND.NS": {
        "Day Range High": 260.5,
        "Day Range Low": 255.35000610351562
    },
    "BALKRISIND.NS": {
        "Day Range High": 2565.0,
        "Day Range Low": 2512.89990234375
    },
    "AMARAJABAT.NS": {
        "Day Range High": 641.7000122070312,
        "Day Range Low": 636.5
    },
    "TVSMOTOR.NS": {
        "Day Range High": 1534.5,
        "Day Range Low": 1519.25
    },
    "BOSCHLTD.NS": {
        "Day Range High": 19257.80078125,
        "Day Range Low": 19020.05078125
    },
    "ASHOKLEY.NS": {
        "Day Range High": 180.10000610351562,
        "Day Range Low": 178.60000610351562
    },
    "ESCORTS.NS": {
        "Day Range High": 3342.60009765625,
        "Day Range Low": 3208.25
    },
    "DABUR.NS": {
        "Day Range High": 561.75,
        "Day Range Low": 553.8499755859375
    },
    "HINDUNILVR.NS": {
        "Day Range High": 2504.699951171875,
        "Day Range Low": 2469.0
    },
    "MCDOWELL-N.NS": {
        "Day Range High": 1019.5999755859375,
        "Day Range Low": 1007.2999877929688
    },
    "ITC.NS": {
        "Day Range High": 449.79998779296875,
        "Day Range Low": 438.8999938964844
    },
    "BRITANNIA.NS": {
        "Day Range High": 4634.0,
        "Day Range Low": 4569.7998046875
    },
    "TATACONSUM.NS": {
        "Day Range High": 903.5499877929688,
        "Day Range Low": 886.9000244140625
    },
    "NESTLEIND.NS": {
        "Day Range High": 22961.44921875,
        "Day Range Low": 22741.44921875
    },
    "GODREJCP.NS": {
        "Day Range High": 1001.4000244140625,
        "Day Range Low": 973.7000122070312
    },
    "COLPAL.NS": {
        "Day Range High": 2096.0,
        "Day Range Low": 2031.550048828125
    },
    "UBL.NS": {
        "Day Range High": 1584.25,
        "Day Range Low": 1561.3499755859375
    },
    "MARICO.NS": {
        "Day Range High": 585.9500122070312,
        "Day Range Low": 581.9000244140625
    },
    "JUBLFOOD.NS": {
        "Day Range High": 555.7999877929688,
        "Day Range Low": 544.8499755859375
    },
    "TECHM.NS": {
        "Day Range High": 1293.9000244140625,
        "Day Range Low": 1264.949951171875
    },
    "INFY.NS": {
        "Day Range High": 1469.5999755859375,
        "Day Range Low": 1450.050048828125
    },
    "HCLTECH.NS": {
        "Day Range High": 1267.6500244140625,
        "Day Range Low": 1253.300048828125
    },
    "LTTS.NS": {
        "Day Range High": 4774.9501953125,
        "Day Range Low": 4697.0498046875
    },
    "TCS.NS": {
        "Day Range High": 3614.0,
        "Day Range Low": 3555.89990234375
    },
    "BSOFT.NS": {
        "Day Range High": 492.95001220703125,
        "Day Range Low": 479.3999938964844
    },
    "LTIM.NS": {
        "Day Range High": 5445.0,
        "Day Range Low": 5384.7998046875
    },
    "WIPRO.NS": {
        "Day Range High": 416.54998779296875,
        "Day Range Low": 410.3500061035156
    },
    "PERSISTENT.NS": {
        "Day Range High": 5910.0,
        "Day Range Low": 5828.5498046875
    },
    "OFSS.NS": {
        "Day Range High": 4182.0,
        "Day Range Low": 4128.2001953125
    },
    "NAUKRI.NS": {
        "Day Range High": 4277.4501953125,