{
    "HDFCBANK.NS": {
        "Day Range High": 1539.449951171875,
        "Day Range Low": 1526.050048828125
    },
    "ICICIBANK.NS": {
        "Day Range High": 955.9500122070312,
        "Day Range Low": 947.5
    },
    "AXISBANK.NS": {
        "Day Range High": 1019.0499877929688,
        "Day Range Low": 1011.0
    },
    "SBIN.NS": {
        "Day Range High": 595.0,
        "Day Range Low": 591.4000244140625
    },
    "BAJFINANCE.NS": {
        "Day Range High": 7899.9501953125,
        "Day Range Low": 7775.7998046875
    },
    "BAJAJFINSV.NS": {
        "Day Range High": 1582.5,
        "Day Range Low": 1551.0
    },
    "HDFCAMC.NS": {
        "Day Range High": 2729.89990234375,
        "Day Range Low": 2650.0
    },
    "SHRIRAMFIN.NS": {
        "Day Range High": 1942.699951171875,
        "Day Range Low": 1871.699951171875
    },
    "ICICIGI.NS": {
        "Day Range High": 1322.800048828125,
        "Day Range Low": 1305.0
    },
    "SBILIFE.NS": {
        "Day Range High": 1301.5999755859375,
        "Day Range Low": 1285.199951171875
    },
    "MUTHOOTFIN.NS": {
        "Day Range High": 1265.4000244140625,
        "Day Range Low": 1232.449951171875
    },
    "CHOLAFIN.NS": {
        "Day Range High": 1205.550048828125,
        "Day Range Low": 1176.050048828125
    },
    "PEL.NS": {
        "Day Range High": 1068.800048828125,
        "Day Range Low": 1042.0
    },
    "HDFCLIFE.NS": {
        "Day Range High": 648.8499755859375,
        "Day Range Low": 638.5999755859375
    },
    "ICICIPRULI.NS": {
        "Day Range High": 586.2999877929688,
        "Day Range Low": 574.4500122070312
    },
    "M&MFIN.NS": {
        "Day Range High": 303.8500061035156,
        "Day Range Low": 295.79998779296875
    },
    "IBULHSGFIN.NS": {
        "Day Range High": 190.85000610351562,
        "Day Range Low": 184.10000610351562
    },
    "CANBK.NS": {
        "Day Range High": 378.79998779296875,
        "Day Range Low": 368.29998779296875
    },
    "FEDERALBNK.NS": {
        "Day Range High": 148.4499969482422,
        "Day Range Low": 146.5500030517578
    },
    "AUBANK.NS": {
        "Day Range High": 751.9500122070312,
        "Day Range Low": 740.9500122070312
    },
    "PNB.NS": {
        "Day Range High": 81.3499984741211,
        "Day Range Low": 79.05000305175781
    },
    "KOTAKBANK.NS": {
        "Day Range High": 1779.449951171875,
        "Day Range Low": 1753.699951171875
    },
    "BANKBARODA.NS": {
        "Day Range High": 218.0,
        "Day Range Low": 212.85000610351562
    },
    "BANDHANBNK.NS": {
        "Day Range High": 253.4499969482422,
        "Day Range Low": 249.9499969482422
    },
    "INDUSINDBK.NS": {
        "Day Range High": 1442.75,
        "Day Range Low": 1411.699951171875
    },
    "RBLBANK.NS": {
        "Day Range High": 242.5,
        "Day Range Low": 236.5500030517578
    },
    "IOB.NS": {
        "Day Range High": 45.95000076293945,
        "Day Range Low": 43.0
    },
    "INDIANB.NS": {
        "Day Range High": 432.75,
        "Day Range Low": 425.79998779296875
    },
    "UCOBANK.NS": {
        "Day Range High": 43.79999923706055,
        "Day Range Low": 41.70000076293945
    },
    "PSB.NS": {
        "Day Range High": 46.5,
        "Day Range Low": 45.150001525878906
    },
    "CENTRALBK.NS": {
        "Day Range High": 51.70000076293945,
        "Day Range Low": 49.54999923706055
    },
    "MAHABANK.NS": {
        "Day Range High": 47.599998474121094,
        "Day Range Low": 46.04999923706055
    },
    "BANKINDIA.NS": {
        "Day Range High": 109.4000015258789,
        "Day Range Low": 107.19999694824219
    },
    "UNIONBANK.NS": {
        "Day Range High": 102.80000305175781,
        "Day Range Low": 99.25
    },
    "J&KBANK.NS": {
        "Day Range High": 109.5999984741211,
        "Day Range Low": 106.4000015258789
    },
    "BAJAJ-AUTO.NS": {
        "Day Range High": 5102.9501953125,
        "Day Range Low": 5003.0
    },
    "HEROMOTOCO.NS": {
        "Day Range High": 3038.0,
        "Day Range Low": 2972.75
    },
    "M&M.NS": {
        "Day Range High": 1606.550048828125,
        "Day Range Low": 1582.0
    },
    "BHARATFORG.NS": {
        "Day Range High": 1115.699951171875,
        "Day Range Low": 1085.25
    },
    "MARUTI.NS": {
        "Day Range High": 10631.900390625,
        "Day Range Low": 10526.5498046875
    },
    "TATAMOTORS.NS": {
        "Day Range High": 625.7000122070312,
        "Day Range Low": 618.5
    },
    "EICHERMOT.NS": {
        "Day Range High": 3539.0,
        "Day Range Low": 3411.550048828125
    },
    "MOTHERSON.NS": {
        "Day Range High": 97.75,
        "Day Range Low": 96.6500015258789
    },
    "MRF.NS": {
        "Day Range High": 109942.8984375,
        "Day Range Low": 108981.453125
    },
    "EXIDEIND.NS": {
        "Day Range High": 260.79998779296875,
        "Day Range Low": 256.6000061035156
    },
    "BALKRISIND.NS": {
        "Day Range High": 2572.75,
        "Day Range Low": 2542.800048828125
    },
    "AMARAJABAT.NS": {
        "Day Range High": 646.4500122070312,
        "Day Range Low": 636.0999755859375
    },
    "TVSMOTOR.NS": {
        "Day Range High": 1543.449951171875,
        "Day Range Low": 1520.699951171875
    },
    "BOSCHLTD.NS": {
        "Day Range High": 19199.900390625,
        "Day Range Low": 19038.55078125
    },
    "ASHOKLEY.NS": {
        "Day Range High": 182.5,
        "Day Range Low": 178.85000610351562
    },
    "ESCORTS.NS": {
        "Day Range High": 3269.89990234375,
        "Day Range Low": 3203.25
    },
    "DABUR.NS": {
        "Day Range High": 557.2999877929688,
        "Day Range Low": 553.0499877929688
    },
    "HINDUNILVR.NS": {
        "Day Range High": 2488.699951171875,
        "Day Range Low": 2461.25
    },
    "MCDOWELL-N.NS": {
        "Day Range High": 1022.3499755859375,
        "Day Range Low": 1011.0
    },
    "ITC.NS": {
        "Day Range High": 444.5,
        "Day Range Low": 439.70001220703125
    },
    "BRITANNIA.NS": {
        "Day Range High": 4609.0,
        "Day Range Low": 4550.0
    },
    "TATACONSUM.NS": {
        "Day Range High": 909.7999877929688,
        "Day Range Low": 892.0
    },
    "NESTLEIND.NS": {
        "Day Range High": 23062.44921875,
        "Day Range Low": 22598.650390625
    },
    "GODREJCP.NS": {
        "Day Range High": 984.9500122070312,
        "Day Range Low": 971.5499877929688
    },
    "COLPAL.NS": {
        "Day Range High": 2082.949951171875,
        "Day Range Low": 1998.0
    },
    "UBL.NS": {
        "Day Range High": 1585.0,
        "Day Range Low": 1572.0
    },
    "MARICO.NS": {
        "Day Range High": 586.0,
        "Day Range Low": 577.3499755859375
    },
    "JUBLFOOD.NS": {
        "Day Range High": 548.1500244140625,
        "Day Range Low": 538.0
    },
    "TECHM.NS": {
        "Day Range High": 1303.0,
        "Day Range Low": 1279.1500244140625
    },
    "INFY.NS": {
        "Day Range High": 1479.4000244140625,
        "Day Range Low": 1459.050048828125
    },
    "HCLTECH.NS": {
        "Day Range High": 1268.800048828125,
        "Day Range Low": 1257.300048828125
    },
    "LTTS.NS": {
        "Day Range High": 4749.0,
        "Day Range Low": 4674.39990234375
    },
    "TCS.NS": {
        "Day Range High": 3594.0,
        "Day Range Low": 3536.0
    },
    "BSOFT.NS": {
        "Day Range High": 492.45001220703125,
        "Day Range Low": 483.04998779296875
    },
    "LTIM.NS": {
        "Day Range High": 5410.5,
        "Day Range Low": 5353.0
    },
    "WIPRO.NS": {
        "Day Range High": 416.5,
        "Day Range Low": 411.70001220703125
    },
    "PERSISTENT.NS": {
        "Day Range High": 5941.10009765625,
        "Day Range Low": 5838.75
    },
    "OFSS.NS": {
        "Day Range High": 4218.85009765625,
        "Day Range Low": 4125.25
    },
    "NAUKRI.NS": {
        "Day Range High": 4277.89990234375,