{
    "HDFCBANK.NS": {
        "Day Range High": 1535.449951171875,
        "Day Range Low": 1522.4000244140625
    },
    "ICICIBANK.NS": {
        "Day Range High": 955.9500122070312,
        "Day Range Low": 943.75
    },
    "AXISBANK.NS": {
        "Day Range High": 1040.550048828125,
        "Day Range Low": 1024.5
    },
    "SBIN.NS": {
        "Day Range High": 600.0,
        "Day Range Low": 591.5999755859375
    },
    "BAJFINANCE.NS": {
        "Day Range High": 7848.0,
        "Day Range Low": 7725.0
    },
    "BAJAJFINSV.NS": {
        "Day Range High": 1552.949951171875,
        "Day Range Low": 1532.5999755859375
    },
    "HDFCAMC.NS": {
        "Day Range High": 2651.550048828125,
        "Day Range Low": 2583.64990234375
    },
    "SHRIRAMFIN.NS": {
        "Day Range High": 1929.0,
        "Day Range Low": 1865.75
    },
    "ICICIGI.NS": {
        "Day Range High": 1314.0,
        "Day Range Low": 1275.199951171875
    },
    "SBILIFE.NS": {
        "Day Range High": 1311.949951171875,
        "Day Range Low": 1289.4000244140625
    },
    "MUTHOOTFIN.NS": {
        "Day Range High": 1257.449951171875,
        "Day Range Low": 1217.75
    },
    "CHOLAFIN.NS": {
        "Day Range High": 1238.550048828125,
        "Day Range Low": 1201.25
    },
    "PEL.NS": {
        "Day Range High": 1056.800048828125,
        "Day Range Low": 1023.0
    },
    "HDFCLIFE.NS": {
        "Day Range High": 639.4000244140625,
        "Day Range Low": 630.7000122070312
    },
    "ICICIPRULI.NS": {
        "Day Range High": 569.8499755859375,
        "Day Range Low": 560.1500244140625
    },
    "M&MFIN.NS": {
        "Day Range High": 306.8500061035156,
        "Day Range Low": 294.54998779296875
    },
    "IBULHSGFIN.NS": {
        "Day Range High": 191.60000610351562,
        "Day Range Low": 184.89999389648438
    },
    "CANBK.NS": {
        "Day Range High": 379.5,
        "Day Range Low": 372.54998779296875
    },
    "FEDERALBNK.NS": {
        "Day Range High": 148.1999969482422,
        "Day Range Low": 146.35000610351562
    },
    "AUBANK.NS": {
        "Day Range High": 730.25,
        "Day Range Low": 708.25
    },
    "PNB.NS": {
        "Day Range High": 80.94999694824219,
        "Day Range Low": 79.5
    },
    "KOTAKBANK.NS": {
        "Day Range High": 1742.0,
        "Day Range Low": 1733.0
    },
    "BANKBARODA.NS": {
        "Day Range High": 215.3000030517578,
        "Day Range Low": 212.10000610351562
    },
    "BANDHANBNK.NS": {
        "Day Range High": 256.45001220703125,
        "Day Range Low": 249.75
    },
    "INDUSINDBK.NS": {
        "Day Range High": 1439.9000244140625,
        "Day Range Low": 1399.300048828125
    },
    "RBLBANK.NS": {
        "Day Range High": 255.8000030517578,
        "Day Range Low": 243.25
    },
    "IOB.NS": {
        "Day Range High": 47.29999923706055,
        "Day Range Low": 46.099998474121094
    },
    "INDIANB.NS": {
        "Day Range High": 428.6499938964844,
        "Day Range Low": 418.3999938964844
    },
    "UCOBANK.NS": {
        "Day Range High": 44.099998474121094,
        "Day Range Low": 43.099998474121094
    },
    "PSB.NS": {
        "Day Range High": 47.04999923706055,
        "Day Range Low": 45.79999923706055
    },
    "CENTRALBK.NS": {
        "Day Range High": 52.099998474121094,
        "Day Range Low": 50.75
    },
    "MAHABANK.NS": {
        "Day Range High": 48.099998474121094,
        "Day Range Low": 47.099998474121094
    },
    "BANKINDIA.NS": {
        "Day Range High": 110.0999984741211,
        "Day Range Low": 106.44999694824219
    },
    "UNIONBANK.NS": {
        "Day Range High": 106.94999694824219,
        "Day Range Low": 102.9000015258789
    },
    "J&KBANK.NS": {
        "Day Range High": 107.55000305175781,
        "Day Range Low": 105.05000305175781
    },
    "BAJAJ-AUTO.NS": {
        "Day Range High": 5082.5,
        "Day Range Low": 5004.89990234375
    },
    "HEROMOTOCO.NS": {
        "Day Range High": 3070.0,
        "Day Range Low": 2973.14990234375
    },
    "M&M.NS": {
        "Day Range High": 1568.199951171875,
        "Day Range Low": 1551.8499755859375
    },
    "BHARATFORG.NS": {
        "Day Range High": 1100.800048828125,
        "Day Range Low": 1081.300048828125
    },
    "MARUTI.NS": {
        "Day Range High": 10705.099609375,
        "Day Range Low": 10512.150390625
    },
    "TATAMOTORS.NS": {
        "Day Range High": 633.0,
        "Day Range Low": 617.1500244140625
    },
    "EICHERMOT.NS": {
        "Day Range High": 3479.550048828125,
        "Day Range Low": 3426.300048828125
    },
    "MOTHERSON.NS": {
        "Day Range High": 97.0999984741211,
        "Day Range Low": 95.75
    },
    "MRF.NS": {
        "Day Range High": 109362.3515625,
        "Day Range Low": 106800.0
    },
    "EXIDEIND.NS": {
        "Day Range High": 262.6499938964844,
        "Day Range Low": 258.6499938964844
    },
    "BALKRISIND.NS": {
        "Day Range High": 2568.60009765625,
        "Day Range Low": 2518.10009765625
    },
    "AMARAJABAT.NS": {
        "Day Range High": 643.6500244140625,
        "Day Range Low": 635.5499877929688
    },
    "TVSMOTOR.NS": {
        "Day Range High": 1534.449951171875,
        "Day Range Low": 1500.4000244140625
    },
    "BOSCHLTD.NS": {
        "Day Range High": 19499.75,
        "Day Range Low": 18961.0
    },
    "ASHOKLEY.NS": {
        "Day Range High": 177.6999969482422,
        "Day Range Low": 174.3000030517578
    },
    "ESCORTS.NS": {
        "Day Range High": 3229.60009765625,
        "Day Range Low": 3179.10009765625
    },
    "DABUR.NS": {
        "Day Range High": 552.8499755859375,
        "Day Range Low": 546.75
    },
    "HINDUNILVR.NS": {
        "Day Range High": 2472.800048828125,
        "Day Range Low": 2450.60009765625
    },
    "MCDOWELL-N.NS": {
        "Day Range High": 1015.0,
        "Day Range Low": 995.8499755859375
    },
    "ITC.NS": {
        "Day Range High": 445.6000061035156,
        "Day Range Low": 439.20001220703125
    },
    "BRITANNIA.NS": {
        "Day Range High": 4560.4501953125,
        "Day Range Low": 4501.89990234375
    },
    "TATACONSUM.NS": {
        "Day Range High": 883.4000244140625,
        "Day Range Low": 874.0
    },
    "NESTLEIND.NS": {
        "Day Range High": 22705.0,
        "Day Range Low": 22430.0
    },
    "GODREJCP.NS": {
        "Day Range High": 1000.0,
        "Day Range Low": 989.2999877929688
    },
    "COLPAL.NS": {
        "Day Range High": 2012.0,
        "Day Range Low": 1982.800048828125
    },
    "UBL.NS": {
        "Day Range High": 1563.800048828125,
        "Day Range Low": 1538.25
    },
    "MARICO.NS": {
        "Day Range High": 564.2999877929688,
        "Day Range Low": 556.0
    },
    "JUBLFOOD.NS": {
        "Day Range High": 543.3499755859375,
        "Day Range Low": 531.5
    },
    "TECHM.NS": {
        "Day Range High": 1231.6500244140625,
        "Day Range Low": 1211.0999755859375
    },
    "INFY.NS": {
        "Day Range High": 1446.800048828125,
        "Day Range Low": 1416.0
    },
    "HCLTECH.NS": {
        "Day Range High": 1249.25,
        "Day Range Low": 1227.25
    },
    "LTTS.NS": {
        "Day Range High": 4659.5498046875,
        "Day Range Low": 4525.89990234375
    },
    "TCS.NS": {
        "Day Range High": 3568.449951171875,
        "Day Range Low": 3505.60009765625
    },
    "BSOFT.NS": {
        "Day Range High": 489.3999938964844,
        "Day Range Low": 476.0
    },
    "LTIM.NS": {
        "Day Range High": 5294.75,
        "Day Range Low": 5128.35009765625
    },
    "WIPRO.NS": {
        "Day Range High": 409.25,
        "Day Range Low": 401.5
    },
    "PERSISTENT.NS": {
        "Day Range High": 5844.7001953125,
        "Day Range Low": 5607.64990234375
    },
    "OFSS.NS": {
        "Day Range High": 4145.0,
        "Day Range Low": 4059.300048828125
    },
    "NAUKRI.NS": {
        "Day Range High": 4195.0,