{
    "HDFCBANK.NS": {
        "Day Range High": 1535.0,
        "Day Range Low": 1489.5
    },
    "ICICIBANK.NS": {
        "Day Range High": 935.0,
        "Day Range Low": 925.0
    },
    "AXISBANK.NS": {
        "Day Range High": 1036.949951171875,
        "Day Range Low": 989.0
    },
    "SBIN.NS": {
        "Day Range High": 600.0999755859375,
        "Day Range Low": 584.5
    },
    "BAJFINANCE.NS": {
        "Day Range High": 8037.5,
        "Day Range Low": 7820.0
    },
    "BAJAJFINSV.NS": {
        "Day Range High": 1549.5,
        "Day Range Low": 1521.1500244140625
    },
    "HDFCAMC.NS": {
        "Day Range High": 2665.449951171875,
        "Day Range Low": 2618.10009765625
    },
    "SHRIRAMFIN.NS": {
        "Day Range High": 1919.9000244140625,
        "Day Range Low": 1842.8499755859375
    },
    "ICICIGI.NS": {
        "Day Range High": 1308.699951171875,
        "Day Range Low": 1286.050048828125
    },
    "SBILIFE.NS": {
        "Day Range High": 1297.5,
        "Day Range Low": 1264.449951171875
    },
    "MUTHOOTFIN.NS": {
        "Day Range High": 1234.5999755859375,
        "Day Range Low": 1210.0999755859375
    },
    "CHOLAFIN.NS": {
        "Day Range High": 1252.9000244140625,
        "Day Range Low": 1206.0
    },
    "PEL.NS": {
        "Day Range High": 1054.75,
        "Day Range Low": 1033.050048828125
    },
    "HDFCLIFE.NS": {
        "Day Range High": 632.0,
        "Day Range Low": 624.25
    },
    "ICICIPRULI.NS": {
        "Day Range High": 560.0,
        "Day Range Low": 552.25
    },
    "M&MFIN.NS": {
        "Day Range High": 296.0,
        "Day Range Low": 284.6000061035156
    },
    "IBULHSGFIN.NS": {
        "Day Range High": 181.8000030517578,
        "Day Range Low": 168.5
    },
    "CANBK.NS": {
        "Day Range High": 383.1499938964844,
        "Day Range Low": 370.3999938964844
    },
    "FEDERALBNK.NS": {
        "Day Range High": 150.4499969482422,
        "Day Range Low": 146.25
    },
    "AUBANK.NS": {
        "Day Range High": 708.0999755859375,
        "Day Range Low": 688.0499877929688
    },
    "PNB.NS": {
        "Day Range High": 83.1500015258789,
        "Day Range Low": 79.3499984741211
    },
    "KOTAKBANK.NS": {
        "Day Range High": 1727.0,
        "Day Range Low": 1709.0
    },
    "BANKBARODA.NS": {
        "Day Range High": 217.25,
        "Day Range Low": 211.0
    },
    "BANDHANBNK.NS": {
        "Day Range High": 255.39999389648438,
        "Day Range Low": 248.75
    },
    "INDUSINDBK.NS": {
        "Day Range High": 1428.1500244140625,
        "Day Range Low": 1386.199951171875
    },
    "RBLBANK.NS": {
        "Day Range High": 254.0,
        "Day Range Low": 246.35000610351562
    },
    "IOB.NS": {
        "Day Range High": 51.04999923706055,
        "Day Range Low": 46.45000076293945
    },
    "INDIANB.NS": {
        "Day Range High": 444.75,
        "Day Range Low": 431.6000061035156
    },
    "UCOBANK.NS": {
        "Day Range High": 46.25,
        "Day Range Low": 43.29999923706055
    },
    "PSB.NS": {
        "Day Range High": 49.20000076293945,
        "Day Range Low": 44.5
    },
    "CENTRALBK.NS": {
        "Day Range High": 54.400001525878906,
        "Day Range Low": 49.70000076293945
    },
    "MAHABANK.NS": {
        "Day Range High": 51.900001525878906,
        "Day Range Low": 48.099998474121094
    },
    "BANKINDIA.NS": {
        "Day Range High": 113.75,
        "Day Range Low": 108.1500015258789
    },
    "UNIONBANK.NS": {
        "Day Range High": 113.3499984741211,
        "Day Range Low": 103.55000305175781
    },
    "J&KBANK.NS": {
        "Day Range High": 109.3499984741211,
        "Day Range Low": 103.69999694824219
    },
    "BAJAJ-AUTO.NS": {
        "Day Range High": 5016.4501953125,
        "Day Range Low": 4903.0498046875
    },
    "HEROMOTOCO.NS": {
        "Day Range High": 3020.0,
        "Day Range Low": 2976.199951171875
    },
    "M&M.NS": {
        "Day Range High": 1530.0,
        "Day Range Low": 1502.3499755859375
    },
    "BHARATFORG.NS": {
        "Day Range High": 1080.9000244140625,
        "Day Range Low": 1052.0
    },
    "MARUTI.NS": {
        "Day Range High": 10240.0,
        "Day Range Low": 10090.0498046875
    },
    "TATAMOTORS.NS": {
        "Day Range High": 619.9000244140625,
        "Day Range Low": 608.5
    },
    "EICHERMOT.NS": {
        "Day Range High": 3408.949951171875,
        "Day Range Low": 3323.800048828125
    },
    "MOTHERSON.NS": {
        "Day Range High": 95.30000305175781,
        "Day Range Low": 92.1500015258789
    },
    "MRF.NS": {
        "Day Range High": 108220.0,
        "Day Range Low": 106441.1015625
    },
    "EXIDEIND.NS": {
        "Day Range High": 260.25,
        "Day Range Low": 255.14999389648438
    },
    "BALKRISIND.NS": {
        "Day Range High": 2538.0,
        "Day Range Low": 2497.10009765625
    },
    "AMARAJABAT.NS": {
        "Day Range High": 660.5499877929688,
        "Day Range Low": 637.6500244140625
    },
    "TVSMOTOR.NS": {
        "Day Range High": 1529.949951171875,
        "Day Range Low": 1493.199951171875
    },
    "BOSCHLTD.NS": {
        "Day Range High": 18900.0,
        "Day Range Low": 18600.0
    },
    "ASHOKLEY.NS": {
        "Day Range High": 177.0,
        "Day Range Low": 171.8000030517578
    },
    "ESCORTS.NS": {
        "Day Range High": 3232.199951171875,
        "Day Range Low": 3084.5
    },
    "DABUR.NS": {
        "Day Range High": 557.2000122070312,
        "Day Range Low": 551.0
    },
    "HINDUNILVR.NS": {
        "Day Range High": 2511.050048828125,
        "Day Range Low": 2467.64990234375
    },
    "MCDOWELL-N.NS": {
        "Day Range High": 999.25,
        "Day Range Low": 981.3499755859375
    },
    "ITC.NS": {
        "Day Range High": 441.3500061035156,
        "Day Range Low": 433.3500061035156
    },
    "BRITANNIA.NS": {
        "Day Range High": 4540.0,
        "Day Range Low": 4468.60009765625
    },
    "TATACONSUM.NS": {
        "Day Range High": 869.6500244140625,
        "Day Range Low": 855.0999755859375
    },
    "NESTLEIND.NS": {
        "Day Range High": 23355.0,
        "Day Range Low": 22551.099609375
    },
    "GODREJCP.NS": {
        "Day Range High": 1001.0,
        "Day Range Low": 987.8499755859375
    },
    "COLPAL.NS": {
        "Day Range High": 1999.6500244140625,
        "Day Range Low": 1977.0
    },
    "UBL.NS": {
        "Day Range High": 1572.0,
        "Day Range Low": 1539.800048828125
    },
    "MARICO.NS": {
        "Day Range High": 574.25,
        "Day Range Low": 560.0
    },
    "JUBLFOOD.NS": {
        "Day Range High": 537.0,
        "Day Range Low": 528.9500122070312
    },
    "TECHM.NS": {
        "Day Range High": 1211.949951171875,
        "Day Range Low": 1186.050048828125
    },
    "INFY.NS": {
        "Day Range High": 1449.949951171875,
        "Day Range Low": 1418.4000244140625
    },
    "HCLTECH.NS": {
        "Day Range High": 1244.6500244140625,
        "Day Range Low": 1226.75
    },
    "LTTS.NS": {
        "Day Range High": 4564.7001953125,
        "Day Range Low": 4488.75
    },
    "TCS.NS": {
        "Day Range High": 3548.0,
        "Day Range Low": 3477.300048828125
    },
    "BSOFT.NS": {
        "Day Range High": 497.75,
        "Day Range Low": 486.04998779296875
    },
    "LTIM.NS": {
        "Day Range High": 5198.35009765625,
        "Day Range Low": 5127.10009765625
    },
    "WIPRO.NS": {
        "Day Range High": 405.45001220703125,
        "Day Range Low": 400.6499938964844
    },
    "PERSISTENT.NS": {
        "Day Range High": 5708.0498046875,
        "Day Range Low": 5631.0
    },
    "OFSS.NS": {
        "Day Range High": 4085.949951171875,
        "Day Range Low": 4003.25
    },
    "NAUKRI.NS": {
        "Day Range High": 4098.0,
        "Day Range Low": 4005.0
    },
    "MPHASIS.NS": {
        "Day Range High": 2438.75,
        "Day Range Low": 2346.800048828125
    },