{
    "HDFCBANK.NS": {
        "Day Range High": 1519.5999755859375,
        "Day Range Low": 1506.0999755859375
    },
    "ICICIBANK.NS": {
        "Day Range High": 951.2000122070312,
        "Day Range Low": 939.0499877929688
    },
    "AXISBANK.NS": {
        "Day Range High": 1044.699951171875,
        "Day Range Low": 1032.5999755859375
    },
    "SBIN.NS": {
        "Day Range High": 604.6500244140625,
        "Day Range Low": 589.5999755859375
    },
    "BAJFINANCE.NS": {
        "Day Range High": 7975.14990234375,
        "Day Range Low": 7759.7001953125
    },
    "BAJAJFINSV.NS": {
        "Day Range High": 1564.199951171875,
        "Day Range Low": 1527.0999755859375
    },
    "HDFCAMC.NS": {
        "Day Range High": 2672.949951171875,
        "Day Range Low": 2623.800048828125
    },
    "SHRIRAMFIN.NS": {
        "Day Range High": 1939.9000244140625,
        "Day Range Low": 1906.0
    },
    "ICICIGI.NS": {
        "Day Range High": 1313.449951171875,
        "Day Range Low": 1293.050048828125
    },
    "SBILIFE.NS": {
        "Day Range High": 1301.9000244140625,
        "Day Range Low": 1282.6500244140625
    },
    "MUTHOOTFIN.NS": {
        "Day Range High": 1252.6500244140625,
        "Day Range Low": 1232.050048828125
    },
    "CHOLAFIN.NS": {
        "Day Range High": 1257.8499755859375,
        "Day Range Low": 1214.949951171875
    },
    "PEL.NS": {
        "Day Range High": 1055.75,
        "Day Range Low": 1036.3499755859375
    },
    "HDFCLIFE.NS": {
        "Day Range High": 637.5,
        "Day Range Low": 628.7000122070312
    },
    "ICICIPRULI.NS": {
        "Day Range High": 566.9000244140625,
        "Day Range Low": 554.4000244140625
    },
    "M&MFIN.NS": {
        "Day Range High": 302.1499938964844,
        "Day Range Low": 297.0
    },
    "IBULHSGFIN.NS": {
        "Day Range High": 186.39999389648438,
        "Day Range Low": 179.14999389648438
    },
    "CANBK.NS": {
        "Day Range High": 386.5,
        "Day Range Low": 373.6000061035156
    },
    "FEDERALBNK.NS": {
        "Day Range High": 152.25,
        "Day Range Low": 147.89999389648438
    },
    "AUBANK.NS": {
        "Day Range High": 713.9500122070312,
        "Day Range Low": 703.2000122070312
    },
    "PNB.NS": {
        "Day Range High": 83.44999694824219,
        "Day Range Low": 79.8499984741211
    },
    "KOTAKBANK.NS": {
        "Day Range High": 1731.300048828125,
        "Day Range Low": 1715.699951171875
    },
    "BANKBARODA.NS": {
        "Day Range High": 218.1999969482422,
        "Day Range Low": 212.10000610351562
    },
    "BANDHANBNK.NS": {
        "Day Range High": 254.8000030517578,
        "Day Range Low": 245.85000610351562
    },
    "INDUSINDBK.NS": {
        "Day Range High": 1438.4000244140625,
        "Day Range Low": 1420.0
    },
    "RBLBANK.NS": {
        "Day Range High": 256.1000061035156,
        "Day Range Low": 248.25
    },
    "IOB.NS": {
        "Day Range High": 48.75,
        "Day Range Low": 45.79999923706055
    },
    "INDIANB.NS": {
        "Day Range High": 445.0,
        "Day Range Low": 421.29998779296875
    },
    "UCOBANK.NS": {
        "Day Range High": 45.0,
        "Day Range Low": 42.75
    },
    "PSB.NS": {
        "Day Range High": 48.29999923706055,
        "Day Range Low": 46.04999923706055
    },
    "CENTRALBK.NS": {
        "Day Range High": 52.900001525878906,
        "Day Range Low": 50.400001525878906
    },
    "MAHABANK.NS": {
        "Day Range High": 49.849998474121094,
        "Day Range Low": 47.29999923706055
    },
    "BANKINDIA.NS": {
        "Day Range High": 113.05000305175781,
        "Day Range Low": 108.19999694824219
    },
    "UNIONBANK.NS": {
        "Day Range High": 112.5999984741211,
        "Day Range Low": 106.6500015258789
    },
    "J&KBANK.NS": {
        "Day Range High": 108.0,
        "Day Range Low": 105.55000305175781
    },
    "BAJAJ-AUTO.NS": {
        "Day Range High": 5065.60009765625,
        "Day Range Low": 5000.5
    },
    "HEROMOTOCO.NS": {
        "Day Range High": 3051.050048828125,
        "Day Range Low": 2991.5
    },
    "M&M.NS": {
        "Day Range High": 1580.300048828125,
        "Day Range Low": 1533.300048828125
    },
    "BHARATFORG.NS": {
        "Day Range High": 1090.0,
        "Day Range Low": 1073.0
    },
    "MARUTI.NS": {
        "Day Range High": 10549.900390625,
        "Day Range Low": 10305.0498046875
    },
    "TATAMOTORS.NS": {
        "Day Range High": 629.8499755859375,
        "Day Range Low": 618.5999755859375
    },
    "EICHERMOT.NS": {
        "Day Range High": 3378.699951171875,
        "Day Range Low": 3303.5
    },
    "MOTHERSON.NS": {
        "Day Range High": 96.4000015258789,
        "Day Range Low": 94.75
    },
    "MRF.NS": {
        "Day Range High": 108600.6015625,
        "Day Range Low": 106566.3984375
    },
    "EXIDEIND.NS": {
        "Day Range High": 261.54998779296875,
        "Day Range Low": 257.8500061035156
    },
    "BALKRISIND.NS": {
        "Day Range High": 2557.449951171875,
        "Day Range Low": 2478.5
    },
    "AMARAJABAT.NS": {
        "Day Range High": 653.9500122070312,
        "Day Range Low": 635.5499877929688
    },
    "TVSMOTOR.NS": {
        "Day Range High": 1538.6500244140625,
        "Day Range Low": 1521.8499755859375
    },
    "BOSCHLTD.NS": {
        "Day Range High": 19060.0,
        "Day Range Low": 18625.099609375
    },
    "ASHOKLEY.NS": {
        "Day Range High": 179.89999389648438,
        "Day Range Low": 176.89999389648438
    },
    "ESCORTS.NS": {
        "Day Range High": 3164.10009765625,
        "Day Range Low": 3063.64990234375
    },
    "DABUR.NS": {
        "Day Range High": 555.4500122070312,
        "Day Range Low": 546.1500244140625
    },
    "HINDUNILVR.NS": {
        "Day Range High": 2499.0,
        "Day Range Low": 2462.0
    },
    "MCDOWELL-N.NS": {
        "Day Range High": 1008.0,
        "Day Range Low": 997.0
    },
    "ITC.NS": {
        "Day Range High": 442.25,
        "Day Range Low": 439.25
    },
    "BRITANNIA.NS": {
        "Day Range High": 4552.0,
        "Day Range Low": 4486.60009765625
    },
    "TATACONSUM.NS": {
        "Day Range High": 879.5499877929688,
        "Day Range Low": 864.2999877929688
    },
    "NESTLEIND.NS": {
        "Day Range High": 22594.69921875,
        "Day Range Low": 22255.150390625
    },
    "GODREJCP.NS": {
        "Day Range High": 1007.0499877929688,
        "Day Range Low": 987.0
    },
    "COLPAL.NS": {
        "Day Range High": 2019.050048828125,
        "Day Range Low": 1970.0
    },
    "UBL.NS": {
        "Day Range High": 1579.5999755859375,
        "Day Range Low": 1555.199951171875
    },
    "MARICO.NS": {
        "Day Range High": 595.0,
        "Day Range Low": 567.8499755859375
    },
    "JUBLFOOD.NS": {
        "Day Range High": 541.1500244140625,
        "Day Range Low": 529.5
    },
    "TECHM.NS": {
        "Day Range High": 1230.6500244140625,
        "Day Range Low": 1212.550048828125
    },
    "INFY.NS": {
        "Day Range High": 1435.949951171875,
        "Day Range Low": 1420.4000244140625
    },
    "HCLTECH.NS": {
        "Day Range High": 1256.699951171875,
        "Day Range Low": 1222.800048828125
    },
    "LTTS.NS": {
        "Day Range High": 4638.0,
        "Day Range Low": 4527.4501953125
    },
    "TCS.NS": {
        "Day Range High": 3533.050048828125,
        "Day Range Low": 3480.10009765625
    },
    "BSOFT.NS": {
        "Day Range High": 502.5,
        "Day Range Low": 481.25
    },
    "LTIM.NS": {
        "Day Range High": 5249.64990234375,
        "Day Range Low": 5138.0498046875
    },
    "WIPRO.NS": {
        "Day Range High": 408.1000061035156,
        "Day Range Low": 403.6000061035156
    },
    "PERSISTENT.NS": {
        "Day Range High": 5809.0,
        "Day Range Low": 5716.0498046875
    },
    "OFSS.NS": {
        "Day Range High": 4158.0,
        "Day Range Low": 4071.050048828125
    },