{
    "HDFCBANK.NS": {
        "Day Range High": 1537.550048828125,
        "Day Range Low": 1519.550048828125
    },
    "ICICIBANK.NS": {
        "Day Range High": 947.2000122070312,
        "Day Range Low": 934.75
    },
    "AXISBANK.NS": {
        "Day Range High": 1037.800048828125,
        "Day Range Low": 1025.300048828125
    },
    "SBIN.NS": {
        "Day Range High": 595.2000122070312,
        "Day Range Low": 588.9000244140625
    },
    "BAJFINANCE.NS": {
        "Day Range High": 7828.5,
        "Day Range Low": 7718.2001953125
    },
    "BAJAJFINSV.NS": {
        "Day Range High": 1570.9000244140625,
        "Day Range Low": 1535.050048828125
    },
    "HDFCAMC.NS": {
        "Day Range High": 2679.0,
        "Day Range Low": 2563.10009765625
    },
    "SHRIRAMFIN.NS": {
        "Day Range High": 1909.75,
        "Day Range Low": 1857.4000244140625
    },
    "ICICIGI.NS": {
        "Day Range High": 1290.550048828125,
        "Day Range Low": 1267.050048828125
    },
    "SBILIFE.NS": {
        "Day Range High": 1308.449951171875,
        "Day Range Low": 1284.5
    },
    "MUTHOOTFIN.NS": {
        "Day Range High": 1263.0,
        "Day Range Low": 1209.449951171875
    },
    "CHOLAFIN.NS": {
        "Day Range High": 1249.449951171875,
        "Day Range Low": 1200.0999755859375
    },
    "PEL.NS": {
        "Day Range High": 1049.9000244140625,
        "Day Range Low": 1011.9500122070312
    },
    "HDFCLIFE.NS": {
        "Day Range High": 650.5999755859375,
        "Day Range Low": 633.3499755859375
    },
    "ICICIPRULI.NS": {
        "Day Range High": 581.5,
        "Day Range Low": 563.2999877929688
    },
    "M&MFIN.NS": {
        "Day Range High": 302.20001220703125,
        "Day Range Low": 290.54998779296875
    },
    "IBULHSGFIN.NS": {
        "Day Range High": 190.39999389648438,
        "Day Range Low": 180.75
    },
    "CANBK.NS": {
        "Day Range High": 383.29998779296875,
        "Day Range Low": 373.75
    },
    "FEDERALBNK.NS": {
        "Day Range High": 151.39999389648438,
        "Day Range Low": 145.3000030517578
    },
    "AUBANK.NS": {
        "Day Range High": 745.4500122070312,
        "Day Range Low": 716.5999755859375
    },
    "PNB.NS": {
        "Day Range High": 82.5999984741211,
        "Day Range Low": 79.30000305175781
    },
    "KOTAKBANK.NS": {
        "Day Range High": 1767.0999755859375,
        "Day Range Low": 1729.3499755859375
    },
    "BANKBARODA.NS": {
        "Day Range High": 216.4499969482422,
        "Day Range Low": 209.8000030517578
    },
    "BANDHANBNK.NS": {
        "Day Range High": 259.1499938964844,
        "Day Range Low": 247.25
    },
    "INDUSINDBK.NS": {
        "Day Range High": 1445.3499755859375,
        "Day Range Low": 1409.6500244140625
    },
    "RBLBANK.NS": {
        "Day Range High": 248.85000610351562,
        "Day Range Low": 240.5
    },
    "IOB.NS": {
        "Day Range High": 48.599998474121094,
        "Day Range Low": 45.349998474121094
    },
    "INDIANB.NS": {
        "Day Range High": 444.0,
        "Day Range Low": 404.70001220703125
    },
    "UCOBANK.NS": {
        "Day Range High": 45.400001525878906,
        "Day Range Low": 42.650001525878906
    },
    "PSB.NS": {
        "Day Range High": 48.599998474121094,
        "Day Range Low": 45.25
    },
    "CENTRALBK.NS": {
        "Day Range High": 54.0,
        "Day Range Low": 49.75
    },
    "MAHABANK.NS": {
        "Day Range High": 49.400001525878906,
        "Day Range Low": 46.650001525878906
    },
    "BANKINDIA.NS": {
        "Day Range High": 110.94999694824219,
        "Day Range Low": 103.0999984741211
    },
    "UNIONBANK.NS": {
        "Day Range High": 104.9000015258789,
        "Day Range Low": 101.5999984741211
    },
    "J&KBANK.NS": {
        "Day Range High": 110.0,
        "Day Range Low": 105.5
    },
    "BAJAJ-AUTO.NS": {
        "Day Range High": 5126.89990234375,
        "Day Range Low": 4980.35009765625
    },
    "HEROMOTOCO.NS": {
        "Day Range High": 3017.550048828125,
        "Day Range Low": 2961.75
    },
    "M&M.NS": {
        "Day Range High": 1596.300048828125,
        "Day Range Low": 1544.0
    },
    "BHARATFORG.NS": {
        "Day Range High": 1096.8499755859375,
        "Day Range Low": 1076.8499755859375
    },
    "MARUTI.NS": {
        "Day Range High": 10703.400390625,
        "Day Range Low": 10532.0498046875
    },
    "TATAMOTORS.NS": {
        "Day Range High": 623.7999877929688,
        "Day Range Low": 612.2999877929688
    },
    "EICHERMOT.NS": {
        "Day Range High": 3499.949951171875,
        "Day Range Low": 3425.0
    },
    "MOTHERSON.NS": {
        "Day Range High": 97.80000305175781,
        "Day Range Low": 95.0999984741211
    },
    "MRF.NS": {
        "Day Range High": 110249.546875,
        "Day Range Low": 108306.1015625
    },
    "EXIDEIND.NS": {
        "Day Range High": 260.8999938964844,
        "Day Range Low": 256.5
    },
    "BALKRISIND.NS": {
        "Day Range High": 2570.89990234375,
        "Day Range Low": 2516.25
    },
    "AMARAJABAT.NS": {
        "Day Range High": 644.2999877929688,
        "Day Range Low": 635.7999877929688
    },
    "TVSMOTOR.NS": {
        "Day Range High": 1546.5999755859375,
        "Day Range Low": 1512.550048828125
    },
    "BOSCHLTD.NS": {
        "Day Range High": 19700.0,
        "Day Range Low": 18840.0
    },
    "ASHOKLEY.NS": {
        "Day Range High": 179.9499969482422,
        "Day Range Low": 173.60000610351562
    },
    "ESCORTS.NS": {
        "Day Range High": 3315.800048828125,
        "Day Range Low": 3198.0
    },
    "DABUR.NS": {
        "Day Range High": 561.7999877929688,
        "Day Range Low": 545.5999755859375
    },
    "HINDUNILVR.NS": {
        "Day Range High": 2500.949951171875,
        "Day Range Low": 2454.0
    },
    "MCDOWELL-N.NS": {
        "Day Range High": 1017.4000244140625,
        "Day Range Low": 999.2000122070312
    },
    "ITC.NS": {
        "Day Range High": 449.29998779296875,
        "Day Range Low": 439.6499938964844
    },
    "BRITANNIA.NS": {
        "Day Range High": 4633.7001953125,
        "Day Range Low": 4505.10009765625
    },
    "TATACONSUM.NS": {
        "Day Range High": 896.0,
        "Day Range Low": 870.0999755859375
    },
    "NESTLEIND.NS": {
        "Day Range High": 22866.94921875,
        "Day Range Low": 22449.0
    },
    "GODREJCP.NS": {
        "Day Range High": 1011.0,
        "Day Range Low": 988.0
    },
    "COLPAL.NS": {
        "Day Range High": 2066.0,
        "Day Range Low": 1968.0999755859375
    },
    "UBL.NS": {
        "Day Range High": 1592.0,
        "Day Range Low": 1535.1500244140625
    },
    "MARICO.NS": {
        "Day Range High": 586.4500122070312,
        "Day Range Low": 558.25
    },
    "JUBLFOOD.NS": {
        "Day Range High": 555.2999877929688,
        "Day Range Low": 539.5
    },
    "TECHM.NS": {
        "Day Range High": 1274.050048828125,
        "Day Range Low": 1222.0
    },
    "INFY.NS": {
        "Day Range High": 1472.449951171875,
        "Day Range Low": 1435.0
    },
    "HCLTECH.NS": {
        "Day Range High": 1264.75,
        "Day Range Low": 1238.6500244140625
    },
    "LTTS.NS": {
        "Day Range High": 4769.85009765625,
        "Day Range Low": 4602.10009765625
    },
    "TCS.NS": {
        "Day Range High": 3602.449951171875,
        "Day Range Low": 3527.35009765625
    },
    "BSOFT.NS": {
        "Day Range High": 495.8500061035156,
        "Day Range Low": 472.6499938964844
    },
    "LTIM.NS": {
        "Day Range High": 5455.10009765625,
        "Day Range Low": 5218.5
    },
    "WIPRO.NS": {
        "Day Range High": 416.5,
        "Day Range Low": 404.04998779296875
    },
    "PERSISTENT.NS": {
        "Day Range High": 5864.39990234375,
        "Day Range Low": 5672.0
    },
    "OFSS.NS": {
        "Day Range High": 4198.89990234375,
        "Day Range Low": 4059.25
    },